{
  "bedrock_roof_position": -2147483648,
  "bedrock_floor_position": 0,
  "sea_level": 63,
  "disable_mob_generation": false,
  "default_block": {
    "Name": "minecraft:stone"
  },
  "default_fluid": {
    "Name": "minecraft:water",
    "Properties": {
      "level": "0"
    }
  },
  "noise": {
    "height": 256,
    "size_horizontal": 1,
    "size_vertical": 2,
    "min_y": 0
  },
  "aquifers_enabled": false,
  "deepslate_enabled": false,
  "ore_veins_enabled": false,
  "legacy_random_source": false,
  "surface_rule": {
    "type": "minecraft:sequence",
    "sequence": [
      {
        "type": "minecraft:condition",
        "if_true": {
          "type": "minecraft:vertical_gradient",
          "random_name": "minecraft:bedrock_floor",
          "true_at_and_below": {
            "above_bottom": 5
          },
          "false_at_and_above": {
            "above_bottom": 0
          }
        },
        "then_run": {
          "type": "minecraft:block",
          "result_state": {
            "Name": "minecraft:bedrock"
          }
        }
      }
    ]
  },
  "noise_router": {
    "final_density": {
      "argument": {
        "argument1": 0.64,
        "argument2": {
          "argument": {
            "argument": {
              "type": "minecraft:add",
              "argument1": {
                "type": "minecraft:mul",
                "argument1": {
                  "type": "minecraft:y_clamped_gradient",
                  "from_y": 232,
                  "to_y": 256,
                  "from_value": 1,
                  "to_value": 0
                },
                "argument2": {
                  "type": "minecraft:add",
                  "argument1": "minecraft:overworld/sloped_cheese",
                  "argument2": 0.078125
                }
              },
              "argument2": -0.078125
            },
            "type": "minecraft:blend_density"
          },
          "type": "minecraft:interpolated"
        },
        "type": "minecraft:mul"
      },
      "type": "minecraft:squeeze"
    },
    "vein_toggle": 0,
    "vein_ridged": 0,
    "vein_gap": 0,
    "erosion": "minecraft:overworld/erosion",
    "depth": "minecraft:overworld/depth",
    "ridges": "minecraft:overworld/ridges",
    "initial_density_without_jaggedness": {
      "argument1": 4,
      "argument2": {
        "argument": {
          "argument1": "minecraft:overworld/depth",
          "argument2": {
            "argument": "minecraft:overworld/factor",
            "type": "minecraft:cache_2d"
          },
          "type": "minecraft:mul"
        },
        "type": "minecraft:quarter_negative"
      },
      "type": "minecraft:mul"
    },
    "lava": 0,
    "temperature": {
      "xz_scale": 0.25,
      "y_scale": 0,
      "noise": "minecraft:temperature",
      "shift_x": "minecraft:shift_x",
      "shift_y": 0,
      "shift_z": "minecraft:shift_z",
      "type": "minecraft:shifted_noise"
    },
    "vegetation": {
      "xz_scale": 0.25,
      "y_scale": 0,
      "noise": "minecraft:vegetation",
      "shift_x": "minecraft:shift_x",
      "shift_y": 0,
      "shift_z": "minecraft:shift_z",
      "type": "minecraft:shifted_noise"
    },
    "continents": "minecraft:overworld/continents",
    "barrier": 0,
    "fluid_level_floodedness": 0,
    "fluid_level_spread": 0
  },
  "spawn_target": [
    {
      "erosion": [
        -1,
        1
      ],
      "depth": 0,
      "weirdness": [
        -1,
        -0.16
      ],
      "offset": 0,
      "temperature": [
        -1,
        1
      ],
      "humidity": [
        -1,
        1
      ],
      "continentalness": [
        -0.11,
        1
      ]
    },
    {
      "erosion": [
        -1,
        1
      ],
      "depth": 0,
      "weirdness": [
        0.16,
        1
      ],
      "offset": 0,
      "temperature": [
        -1,
        1
      ],
      "humidity": [
        -1,
        1
      ],
      "continentalness": [
        -0.11,
        1
      ]
    }
  ]
}
